batch_id,record_id,record_name,status,attempt_count,proxy_used,proxy_ip,started_at,ended_at,last_step,artifact_dir,error_type,error_code,error_message,confirmation_number,step6_ein,step6_legal_name,step6_name_control,step6_phone_number,step6_county,step6_state,step6_start_date,step6_principal_activity,step6_principal_product_service,step6_reason_for_applying,step6_physical_location,step6_responsible_name,step6_responsible_ssn_itin,step6_data_json,pdf_path,final_pdf_path
manual-run,219526645,GEORGIA KIRKPATRICK,manual_required,1,RUNTIME,,2026-09-22T05:23:20.273095+00:00,2026-09-22T05:23:22.445897+00:00,bootstrap,artifacts\manual-run\__failed\219526645,automation,bootstrap,Missing dependency: camoufox,,,,,,,,,,,,,,,{},,artifacts\manual-run\__failed\219526645\219526645_no_ein_SUMMARY.pdf
manual-run,409255797,JEFF DRAPER,manual_required,1,RUNTIME,,2026-09-22T05:23:22.820597+00:00,2026-09-22T05:23:33.442878+00:00,bootstrap,artifacts\manual-run\__failed\409255797,automation,bootstrap,Missing dependency: camoufox,,,,,,,,,,,,,,,{},,artifacts\manual-run\__failed\409255797\409255797_no_ein_SUMMARY.pdf
manual-run,308544962,ELLEN DUCOTE,manual_required,1,RUNTIME,,2026-09-22T05:23:33.481167+00:00,2026-09-22T05:23:43.960615+00:00,bootstrap,artifacts\manual-run\__failed\308544962,automation,bootstrap,Missing dependency: camoufox,,,,,,,,,,,,,,,{},,artifacts\manual-run\__failed\308544962\308544962_no_ein_SUMMARY.pdf
manual-run,219526645,GEORGIA KIRKPATRICK,manual_required,1,RUNTIME,,2026-09-22T05:24:53.478142+00:00,2026-09-22T05:25:06.510438+00:00,runtime,artifacts\manual-run\__failed\219526645,automation,runtime,"Page.goto: NS_ERROR_PROXY_FORBIDDEN
Call log:
  - navigating to ""https://sa.www4.irs.gov/applyein/"", waiting until ""domcontentloaded""
",,,,,,,,,,,,,,,{},,artifacts\manual-run\__failed\219526645\219526645_no_ein_SUMMARY.pdf
manual-run,409255797,JEFF DRAPER,manual_required,1,RUNTIME,,2026-09-22T05:25:07.387368+00:00,2026-09-22T05:25:23.549190+00:00,runtime,artifacts\manual-run\__failed\409255797,automation,runtime,"Page.goto: NS_ERROR_PROXY_FORBIDDEN
Call log:
  - navigating to ""https://sa.www4.irs.gov/applyein/"", waiting until ""domcontentloaded""
",,,,,,,,,,,,,,,{},,artifacts\manual-run\__failed\409255797\409255797_no_ein_SUMMARY.pdf
manual-run,308544962,ELLEN DUCOTE,manual_required,1,RUNTIME,,2026-09-22T05:25:23.653772+00:00,2026-09-22T05:25:47.014566+00:00,runtime,artifacts\manual-run\__failed\308544962,automation,runtime,"Page.goto: NS_ERROR_PROXY_FORBIDDEN
Call log:
  - navigating to ""https://sa.www4.irs.gov/applyein/"", waiting until ""domcontentloaded""
",,,,,,,,,,,,,,,{},,artifacts\manual-run\__failed\308544962\308544962_no_ein_SUMMARY.pdf
manual-run,620565936,CARMEN L ORTIZ,manual_required,1,RUNTIME,,2026-09-22T05:25:47.107023+00:00,2026-09-22T05:26:05.409380+00:00,runtime,artifacts\manual-run\__failed\620565936,automation,runtime,"Page.goto: NS_ERROR_PROXY_FORBIDDEN
Call log:
  - navigating to ""https://sa.www4.irs.gov/applyein/"", waiting until ""domcontentloaded""
",,,,,,,,,,,,,,,{},,artifacts\manual-run\__failed\620565936\620565936_no_ein_SUMMARY.pdf
manual-run,621155754,HENRY ALAS,manual_required,1,RUNTIME,,2026-09-22T05:26:05.437091+00:00,2026-09-22T05:26:16.904520+00:00,runtime,artifacts\manual-run\__failed\621155754,automation,runtime,"Page.goto: NS_ERROR_PROXY_FORBIDDEN
Call log:
  - navigating to ""https://sa.www4.irs.gov/applyein/"", waiting until ""domcontentloaded""
",,,,,,,,,,,,,,,{},,artifacts\manual-run\__failed\621155754\621155754_no_ein_SUMMARY.pdf
manual-run,303029602,CHRISTOPHER FORD,manual_required,1,RUNTIME,,2026-09-22T05:26:16.926780+00:00,2026-09-22T05:26:29.185740+00:00,runtime,artifacts\manual-run\__failed\303029602,automation,runtime,"Page.goto: NS_ERROR_PROXY_FORBIDDEN
Call log:
  - navigating to ""https://sa.www4.irs.gov/applyein/"", waiting until ""domcontentloaded""
",,,,,,,,,,,,,,,{},,artifacts\manual-run\__failed\303029602\303029602_no_ein_SUMMARY.pdf
manual-run,568133580,LISA BLACK,manual_required,1,RUNTIME,,2026-09-22T05:26:29.211096+00:00,2026-09-22T05:26:42.621793+00:00,runtime,artifacts\manual-run\__failed\568133580,automation,runtime,"Page.goto: NS_ERROR_PROXY_FORBIDDEN
Call log:
  - navigating to ""https://sa.www4.irs.gov/applyein/"", waiting until ""domcontentloaded""
",,,,,,,,,,,,,,,{},,artifacts\manual-run\__failed\568133580\568133580_no_ein_SUMMARY.pdf
manual-run,177286233,JAMES KEEZEL,manual_required,1,RUNTIME,,2026-09-22T05:26:42.658095+00:00,2026-09-22T05:26:55.645491+00:00,runtime,artifacts\manual-run\__failed\177286233,automation,runtime,"Page.goto: NS_ERROR_PROXY_FORBIDDEN
Call log:
  - navigating to ""https://sa.www4.irs.gov/applyein/"", waiting until ""domcontentloaded""
",,,,,,,,,,,,,,,{},,artifacts\manual-run\__failed\177286233\177286233_no_ein_SUMMARY.pdf
manual-run,437675346,DAMIAN SMITH,manual_required,1,RUNTIME,,2026-09-22T05:26:55.686754+00:00,2026-09-22T05:27:10.132177+00:00,runtime,artifacts\manual-run\__failed\437675346,automation,runtime,"Page.goto: NS_ERROR_PROXY_FORBIDDEN
Call log:
  - navigating to ""https://sa.www4.irs.gov/applyein/"", waiting until ""domcontentloaded""
",,,,,,,,,,,,,,,{},,artifacts\manual-run\__failed\437675346\437675346_no_ein_SUMMARY.pdf
manual-run,216579923,EDITH KAKE,manual_required,1,RUNTIME,,2026-09-22T05:27:10.159359+00:00,2026-09-22T05:27:24.257917+00:00,runtime,artifacts\manual-run\__failed\216579923,automation,runtime,"Page.goto: NS_ERROR_PROXY_FORBIDDEN
Call log:
  - navigating to ""https://sa.www4.irs.gov/applyein/"", waiting until ""domcontentloaded""
",,,,,,,,,,,,,,,{},,artifacts\manual-run\__failed\216579923\216579923_no_ein_SUMMARY.pdf
